ID,familia,subfamilia,Unnamed: 3,Product: ID,Product: Handle,Importado,Parte importada,Variable dependiente1,Variable dependiente 2,Variable dependiente 3,subfamilia.1
331632902311,mesones-de-trabajo,meson-simple,,8497263083687,meson-abierto-de-trabajo-de-900mm-bamt-0900,,,,,,
331632902311,mesones-de-trabajo,meson-repisa,,8497263018151,meson-abierto-de-trabajo-de-1900mm-bamt-0197,,,,,,
331632902311,mesones-de-trabajo,meson-cajones,,8497262985383,meson-cerrado-de-trabajo-de-1000mm-bamt-1000,,,,,,
331632902311,mesones-de-trabajo,meson-cajones,,8497262952615,meson-cerrado-de-trabajo-de-1500mm-bamt-0199,,,,,,
331632902311,mesones-de-trabajo,meson-cajones,,8497262919847,meson-cerrado-de-trabajo-de-1900mm-bamt-00200,,,,,,
331632902311,mesones-de-trabajo,meson-en-proyecto,,8497262887079,meson-lavadero-con-desconche-bamte-1400,,,,,,
331632902311,mesones-de-trabajo,meson-simple,,8497262854311,meson-de-salida-lavavajilla-bamte-0900,,,,,,
331632902311,mesones-de-trabajo,meson-en-proyecto,,8497262821543,meson-de-desconche-bamt-1400,,,,,,
331632902311,mesones-de-trabajo,meson-cajones,,8497262788775,meson-de-trabajo-4-cajones-repisa-bamtc-1300,,,,,,
331630870695,barras-de-apoyo,curva,,8497278550183,barra-abatible-bra-0610,,,,,,Importado_a_venta
331630870695,barras-de-apoyo,recta,,8497252925607,barras-de-apoyo-recta-800-bra-0800,,,,,,Importado_a_venta
331630870695,barras-de-apoyo,recta,,8497252958375,barras-de-apoyo-recta-600-bra-0600,,,,,,Importado_a_venta
331630870695,barras-de-apoyo,recta,,8497252991143,barra-de-apoyo-recta-450-bra-0450,,,,,,Importado_a_venta
331630870695,barras-de-apoyo,recta,,8497278582951,barras-de-apoyo-recta-300-bra-0300,,,,,,Importado_a_venta
331630870695,barras-de-apoyo,curva,,8497253056679,barra-en-angulo-de-130-bra-0130,,,,,,Importado_a_venta
331630870695,barras-de-apoyo,base-reforzada,,8497278517415,barra-de-apoyo-doble-a-muro-bra-0790,,,,,,Importado_a_venta
331630870695,barras-de-apoyo,curva,,8497253023911,barra-en-l-a-muro-o-piso-bra-01200,,,,,,Importado_a_venta
331630870695,barras-de-apoyo,en-proyecto,,8539136131239,rampa-de-acceso,,,,,,Importado_a_venta
331630870695,barras-de-apoyo,en-proyecto,,8539136000167,puerta-de-acceso-universal-pad-0900,,,,,,Importado_a_venta
331088560295,barras-de-apoyo,en-proyecto,,8539137474727,baranda-con-travesanos-brt-01000,,,,,,
331088560295,barras-de-apoyo,en-proyecto,,8539137245351,baranda-doble-brd-01001,,,,,,
331088560295,barras-de-apoyo,en-proyecto,,8539137015975,baranda-tensor-brt-01002,,,,,,
331088560295,construccion,liviano,,8497255055527,sumidero-con-tapa-perforada-400-sumve-0400,,,,,,
331088560295,construccion,liviano,,8497255088295,canaleta-con-rejilla-rejcn-0200,,,,,,
331088560295,construccion,pesado,,8539158085799,urinarios,,,,,,
331088560295,construccion,liviano,,8497255121063,sumidero-con-tapa-perforada-300-sumve-0300,,,,,,
331088560295,construccion,liviano,,8497255153831,sumidero-con-rejilla-sumho-0200,,,,,,
331088560295,construccion,soporte-muro,,8539150287015,moldura-esquinero-mae-01000,,,,,,
331088560295,construccion,soporte-muro,,8539150483623,moldura-omega-mao-01000,,,,,,
331088560295,construccion,soporte-muro,,8539151663271,zocalo-de-acero-inoxidable,,,,,,
331088560295,construccion,liviano,,8497255547047,proteccion-escalera-mecanica-diseno-liso-y-curvo-al-frente-pedl-0800,,,,,,
331088560295,construccion,liviano,,8497255579815,proteccion-escalera-mecanica-diseno-con-forma-pedf-1000,,,,,,
331088560295,construccion,pesado,,8549849956519,chambranas-para-ascensores,,,,,,
331088560295,construccion,basurero-reciclaje,,8497253679271,basurero-reciclaje-especial-transparente-bret-0960,,,,,,
331088560295,construccion,basurero-reciclaje,,8497254432935,basurero-reciclaje-4-compartimientos-bare4-01300,,,,,,
331088560295,construccion,basurero-especial,,8497253941415,basurero-modelo-providencia-bapro-0500,,,,,,
331088560295,construccion,basurero-especial,,8497253974183,basurero-plaza-con-cenicero-bapla-0470,,,,,,
331088560295,construccion,basurero-especial,,8497253712039,basurero-aeropuerto-plus-bac-recplus,,,,,,
331088560295,construccion,basurero-simple,,8497254203559,basurero-mural-bamu-0600,,,,,,
331088560295,construccion,basurero-con-mecanismo,,8497253744807,basurero-tapa-pedal-rectangular-batp-0300,,,,,,
331088560295,construccion,basurero-reciclaje,,8497253810343,basurero-reciclaje-domestic-bin-brdb-620,,,,,,
331088560295,construccion,basurero-especial,,8497253843111,basurero-mural-para-empotrar-bmpe-0250,,,,,,
331088560295,construccion,basurero-especial,,8497253875879,basurero-mall-doble-bmd-1300,,,,,,
331088560295,construccion,basurero-reciclaje,,8497253908647,basurero-reciclaje-bicolor-3-compartimentos-bare-0955,,,,,,
331088560295,construccion,basurero-reciclaje,,8497254236327,basurero-reciclaje-puerta-abatible-brpa-0500,,,,,,
331088560295,construccion,basurero-reciclaje,,8497254301863,basurero-de-reciclaje-domestic-tras-brdt-620,,,,,,
331088560295,construccion,basurero-reciclaje,,8497254334631,basurero-de-reciclaje-sistema-vaiven-barsv-01230,,,,,,
331088560295,construccion,basurero-reciclaje,,8497254367399,basurero-de-reciclaje-electropintado-baree-0320,,,,,,
331088560295,construccion,basurero-con-mecanismo,,8497254400167,basurero-vaiven-nido-bani-0350,,,,,,
331088560295,construccion,basurero-especial,,8497254498471,basurero-redbus-transantiago-con-techo-bastr-0600,,,,,,
331088560295,construccion,basurero-especial,,8497254531239,basurero-redbus-transantiago-bastr-0500,,,,,,
331088560295,construccion,basurero-especial,,8497254564007,basurero-de-seguridad-babtra-0440,,,,,,
331088560295,construccion,basurero-especial,,8497254596775,basurero-mall-bm-0700,,,,,,
331088560295,construccion,basurero-con-mecanismo,,8497254629543,basurero-vaiven-doble-bavad-0500,,,,,,
331088560295,construccion,basurero-simple,,8497254695079,basurero-cenicero-cen-0650,,,,,,
331088560295,construccion,basurero-simple,,8497254727847,basurero-conico-bacon-0410,,,,,,
331088560295,construccion,basurero-con-mecanismo,,8497254760615,basurero-con-pedal-90lts-batypr-0801,False,,,,,
331088560295,construccion,basurero-con-mecanismo,,8497254793383,basurero-con-pedal-60lts-batypr-0601,False,,,,,
331088560295,construccion,basurero-con-mecanismo,,8497254858919,basurero-con-pedal-10lts-batypr-0225,False,,,,,
331088560295,construccion,basurero-con-mecanismo,,8497254891687,basurero-con-pedal-20lts-batypr-0300,False,,,,,
331088560295,construccion,accesorio,,8497255186599,bandeja-pasavalores-banpsvc-00150,,,,,,
331088560295,construccion,basurero-reciclaje,,8497278746791,basurero-reciclaje-5-compartimientos-bare5-01500,,,,,,
331088560295,construccion,accesorio,,8497253089447,flanche-508mm-cc151,,,,,,
331088560295,construccion,accesorio,,8497253122215,separador-de-cristal-cc148,,,,,,
331088560295,construccion,accesorio,,8497253154983,soporte-para-vidrio-cc147,,,,,,
331088560295,construccion,accesorio,,8497253220519,tapa-terminal-508mm-cc119-508,,,,,,
331088560295,construccion,accesorio,,8497253253287,tapa-terminal-318mm-cc119-318,,,,,,
331088560295,construccion,accesorio,,8497253286055,tapa-terminal-254mm-cc119-254,,,,,,
331088560295,construccion,accesorio,,8497253318823,toma-cristal-cc104,,,,,,
331088560295,construccion,accesorio,,8497253351591,soporte-pasamanos-cc15,,,,,,
331088560295,construccion,accesorio,,8497253384359,roseta-cubre-tubo-cc97,,,,,,
331088560295,construccion,accesorio,,8497253417127,espiga-para-vidrio-cc6,,,,,,
331088560295,construccion,en-proyecto,,8497253449895,balaustro-un-lado-dd-004s,,,,,,Importado_a_venta
331088560295,construccion,en-proyecto,,8497253482663,balaustro-doble-lado-dd-004,,,,,,Importado_a_venta
331088560295,construccion,en-proyecto,,8497253515431,balaustro-4-barras-dd-181,,,,,,Importado_a_venta
331088560295,construccion,en-proyecto,,8497253548199,balaustro-vidrio-dd-138,,,,,,Importado_a_venta
331088560295,construccion,en-proyecto,,8539136852135,baranda-con-vidrio,,,,,,
331088560295,construccion,en-proyecto,,8749027754151,celosia-500x200mm-cell-0500,,,,,,
331631886503,accesorios-gastronomicos,accesorio-con-mecanismo,,8497280024743,tostador-de-pan,,,,,,
331631886503,accesorios-gastronomicos,accesorio-simple,,8497280155815,poruna-100gr-por-0100,,,,,,
331631886503,accesorios-gastronomicos,accesorio-con-mecanismo,,8497280090279,burger-smasher-sbur-0150,,,,,,
331631886503,accesorios-gastronomicos,accesorio-simple,,8497258823847,poruna-2kg-por-2000,,,,,,
331631886503,accesorios-gastronomicos,accesorio-simple,,8497258725543,plancha-acero-sobre-cubierta-plchcc-0435,,,,,,
331631886503,accesorios-gastronomicos,accesorio-simple,,8497258660007,servilletero-home-acero-inoxidable,,,,,,
331631886503,accesorios-gastronomicos,importado,,8689612226727,pincho-pro-cuchillo-catemu-astil,,,,,,Importado_a_venta
331631886503,accesorios-gastronomicos,importado,,8689611866279,set-parrillero-cuchillo-catemu-astil-edicion-limitada,,,,,,Importado_a_venta
331631886503,accesorios-gastronomicos,importado,,8689611145383,set-parrillero-cuchillo-catemu-astil-edicion-limitada-black,,,,,,Importado_a_venta
331631886503,accesorios-gastronomicos,importado,,8651005919399,sarten-de-acero-inoxidable-con-fondo-triple-26-cm-2-2-l-tramontina-professional,,,,,,Importado_a_venta
331631886503,accesorios-gastronomicos,importado,,8651002314919,sarten-de-acero-inoxidable-cuerpo-triple-de-30-cm-3-4-l-tramontina-grano,,,,,,Importado_a_venta
331631886503,accesorios-gastronomicos,accesorio-simple,,8539195900071,servilletero-svc-120,,,,,,
331631886503,accesorios-gastronomicos,accesorio-con-mecanismo,,8539195736231,cortadora-de-fiambre-picf-0575,,,,,,
331631886503,accesorios-gastronomicos,accesorio-simple,,8539195637927,escurridor-de-servicios-ecs-105,,,,,,
331631886503,accesorios-gastronomicos,accesorio-simple,,8539195506855,atril-para-pasteles-tortas-y-ensaladas,,,,,,
331631886503,accesorios-gastronomicos,deposito-gn,,8539195179175,depositos-gastronomicos,,,,,,
331631886503,accesorios-gastronomicos,accesorio-con-mecanismo,,8539194982567,dispensador-para-papas-fritas-dpf-230,,,,,,
331631886503,accesorios-gastronomicos,accesorio-simple,,8539194851495,porta-bandejas-pbj-400,,,,,,
331631886503,accesorios-gastronomicos,accesorio-simple,,8539194654887,bandeja-de-acero-inoxidable-bacnox-0400,,,,,,
331631886503,accesorios-gastronomicos,accesorio-simple,,8539194523815,bandeja-de-cobre-bacoan-0400,,,,,,
331631886503,accesorios-gastronomicos,accesorio-simple,,8539194392743,bandeja-para-carro-baucb-0178,,,,,,
331631886503,accesorios-gastronomicos,accesorio-simple,,8539194228903,porunas-de-acero-inoxidable,,,,,,
331631886503,accesorios-gastronomicos,accesorio-simple,,8539194065063,porta-conos-de-barquillo-acero-inoxidable-pcb-0120,,,,,,
331631886503,accesorios-gastronomicos,accesorio-simple,,8497280221351,espatula-plancha-plana-espl-00140,,,,,,
331631886503,accesorios-gastronomicos,accesorio-con-mecanismo,,8497280123047,dispensador-de-jugo-dpj-00560,,,,,,
331631886503,accesorios-gastronomicos,deposito-gn,,8497259348135,deposito-gastronomico-fullx100-depfull-0137,,,,,,
331631886503,accesorios-gastronomicos,deposito-gn,,8497259315367,deposito-gastronomico-fullx150-depfull-0208,,,,,,
331631886503,accesorios-gastronomicos,deposito-gn,,8497259282599,deposito-gastronomico-12x100-dep12-0061,,,,,,
331631886503,accesorios-gastronomicos,deposito-gn,,8497259249831,deposito-gastronomico-12x150-dep12-0104,,,,,,
331631886503,accesorios-gastronomicos,deposito-gn,,8497259217063,deposito-gastronomico-13x100-dep13-0041,,,,,,
331631886503,accesorios-gastronomicos,deposito-gn,,8497259184295,deposito-gastronomico-13x150-dep13-0062,,,,,,
331631886503,accesorios-gastronomicos,deposito-gn,,8497259151527,deposito-gastronomico-14x100-dep14-0038,,,,,,
331631886503,accesorios-gastronomicos,deposito-gn,,8497259118759,deposito-gastronomico-14x150-dep14-0047,,,,,,
331631886503,accesorios-gastronomicos,deposito-gn,,8497259085991,deposito-gastronomico-16x100-dep16-0019,,,,,,
331631886503,accesorios-gastronomicos,deposito-gn,,8497259053223,tapa-deposito-gastronomico-12-tdep12-0002,,,,,,
331631886503,accesorios-gastronomicos,deposito-gn,,8497259020455,tapa-deposito-gastronomico-full-tdepfull-0001,,,,,,
331631886503,accesorios-gastronomicos,deposito-gn,,8497258987687,tapa-deposito-gastronomico-13-tdep13-0004,,,,,,
331631886503,accesorios-gastronomicos,deposito-gn,,8497258954919,tapa-deposito-gastronomico-14-tdep14-0005,,,,,,
331631886503,accesorios-gastronomicos,deposito-gn,,8497258922151,tapa-deposito-gastronomico-16-tdep16-0006,,,,,,
331631886503,accesorios-gastronomicos,accesorio-con-mecanismo,,8497258889383,cortadora-de-fiambre,,,,,,
331631886503,accesorios-gastronomicos,accesorio-simple,,8497258856615,espatula-plancha-espl-00150,,,,,,
331631886503,accesorios-gastronomicos,accesorio-con-mecanismo,,8497258791079,dipensador-de-papas-fritas-dpf-230,,,,,,
331631886503,accesorios-gastronomicos,accesorio-con-mecanismo,,8497258758311,cortadora-de-papas-pipp-0395,,,,,,
331631886503,accesorios-gastronomicos,accesorio-simple,,8497258692775,servilletero-chile-acero-inoxidable,,,,,,
331631886503,accesorios-gastronomicos,accesorio-simple,,8497258561703,delantal-cocina-anti-aceite-impermeable,,,,,,
331631886503,accesorios-gastronomicos,accesorio-simple,,8497258528935,jockey-duloxin-jopro-070,,,,,,
331631886503,accesorios-gastronomicos,accesorio-simple,,8497258496167,jockey-duloxin-jopro-060,,,,,,
331631886503,accesorios-gastronomicos,accesorio-simple,,8497258463399,recipiente-gastronomico-policarbonato-13-vollrath-negro,,,,,,
331631886503,accesorios-gastronomicos,accesorio-con-mecanismo,,8497258397863,prensa-hamburguesa-smash-burger-sbur-0125,,,,,,
331600822439,gastronomica,accesorio,,8497281335463,set-tenedor-cuchillo-parrillero-funda-cuero-cafe-kg1901fcc,,,,,,
331600822439,gastronomica,accesorio,,8497281237159,cuchillo-8,,,,,,
331600822439,gastronomica,mobiliario,,8497281040551,carro-bandejero-capacidad-22-bandejas-aucb-0670,,,,,,
331600822439,gastronomica,calentamiento,,8497280778407,salsera-6-depositos-sc6,,,,,,
331600822439,gastronomica,coccion,,8497280712871,plancha-electrica-encimera-pce-550,,,,,,
331600822439,gastronomica,coccion,,8497280680103,plancha-churrasquera-electrica-pce-730,,,,,,
331600822439,gastronomica,coccion,,8497280647335,plancha-churrasquera-1000-plch-1000,,,,,,
331600822439,gastronomica,coccion,,8497280614567,horno-convector-electrico-4b-heb-4f,,,,,,
331600822439,gastronomica,coccion,,8497280549031,horno-convector-electrico-de-835mm-heb-8f,,,,,,
331600822439,gastronomica,coccion,,8497280450727,freidora-2-canastillos-y-2-quemadores-25lts-fdp020,,,,,,
331600822439,gastronomica,coccion,,8497280319655,freidora-2-canastillos-y-3-quemadores-25-lts-fdp030,,,,,,
331600822439,gastronomica,coccion,,8497279860903,cocina-4-quemadores-gas-hgr-905,,,,,,
331600822439,gastronomica,coccion,,8497279795367,anafe-2-quemadores-2pq,,,,,,
331600822439,gastronomica,coccion,,8497279697063,anafe-2-quemadores-alta-2pql,,,,,,
331600822439,gastronomica,calentamiento,,8497279598759,bano-maria-2-depositos-media-bmdm-540,,,,,,
331600822439,gastronomica,calentamiento,,8497279533223,bano-maria-electrico-hb-2t,,,,,,
331600822439,gastronomica,calentamiento,,8497279500455,perol-del-sopa-10-lts-pips-0395ai,,,,,,
331600822439,gastronomica,calentamiento,,8497279467687,perol-del-sopa-13-lts-pips-0395,,,,,,
331600822439,gastronomica,refrigeracion,,8497279434919,refrigerador-2-puertas-740-x-820-x-2000-mm-rm-0738,,,,,,
331600822439,gastronomica,refrigeracion,,8497279369383,visicooler-vertical-120lts-500-x-500-x-800-mm-pivs-0120,,,,,,
331600822439,gastronomica,refrigeracion,,8497279303847,visicooler-vertical-380lts-600-x-620-x-1930-mm-pivs-0380,,,,,,
331600822439,gastronomica,refrigeracion,,8497279140007,freezer-1-puerta-de-cristal-620-x-760-x-2000-mm-rfree-0620,,,,,,
331600822439,gastronomica,refrigeracion,,8497279107239,refrigerador-1-puerta-de-cristal-620-x-790-x-2000-mm-rmv-0620,,,,,,
331600822439,gastronomica,refrigeracion,,8497279041703,refrigerador-vertical-grafito-680-x-800-x-2000-mm-rmvg-0380,,,,,,
331600822439,gastronomica,refrigeracion,,8497279008935,vitrina-pastelera-1200-sl840v,,,,,,
331600822439,gastronomica,refrigeracion,,8497278976167,meson-freezer-2-puertas-de-acero-1200-x-750-x-850-mm-mrfree-1200,,,,,,
331600822439,gastronomica,lavado,,8497263739047,pre-wash-a-base-superficie-grillpw-1100,,,,,,
331600822439,gastronomica,lavado,,8497263706279,llave-rodilla-simple-grilrs-00210,,,,,,
331600822439,gastronomica,lavado,,8497263673511,llave-de-rodilla-doble-grillr-00230,,,,,,
331600822439,gastronomica,lavado,,8497263640743,llave-pedal-doble-grillp-00120,,,,,,
331600822439,gastronomica,lavado,,8497263607975,griferia-monomando-grillm-00280,,,,,,
331600822439,gastronomica,lavado,,8497263575207,llave-precision-de-65mm-gllp,,,,,,
331600822439,gastronomica,lavado,,8497263542439,cuello-cisne-grillcc-00210,,,,,,
331600822439,gastronomica,lavado,,8497263509671,desagues-de-4-12-grides-004,,,,,,
331600822439,gastronomica,lavado,,8497263476903,desagues-de-1-14-grides-001,,,,,,
331600822439,gastronomica,lavado,,8497263444135,cuello-cisne-largo-grillcc-00300,,,,,,
331600822439,gastronomica,lavado,,8497263411367,griferia-de-combinacion-grillc-00220,,,,,,
331600822439,gastronomica,lavado,,8497263378599,llave-pedal-simple-grilps-00120,,,,,,
331600822439,gastronomica,lavado,,8497263345831,estacion-de-agua-gea-1,,,,,,
331600822439,gastronomica,lavado,,8497263313063,estacion-de-agua-gea2,,,,,,
331600822439,gastronomica,lavado,,8497263247527,columna-llave-prewash-monomando-12-genebre-1705-04,,,,,,
331600822439,gastronomica,lavado,,8497263214759,columna-llave-prewash-alta-cgrupo-mezclador-mural-genebre-gen1743-04,,,,,,
331600822439,gastronomica,lavado,,8497263181991,columna-llave-prewash-cmonomando-mezclador-genebre-gen1802-04,,,,,,
331600822439,gastronomica,lavado,,8497263149223,monomando-de-fregadera-cano-conformado-k8-genebre-gen61203,,,,,,
331600822439,gastronomica,lavado,,8497263116455,llave-de-paso-valvula-esfera-2-piezas-inox-12-genebre-gen2014-04,,,,,,
331600822439,gastronomica,accesorio,,8497262723239,set-tenedor-cuchillo-parrillero-funda-cuero-negro-kg1901fcn,,,,,,
331600822439,gastronomica,importado,,8497262592167,set-cuchillos-5,,,,,,Importado_a_venta
331600822439,gastronomica,importado,,8497262461095,machete-8,,,,,,Importado_a_venta
331600822439,gastronomica,importado,,8497262428327,machete-7,,,,,,Importado_a_venta
331600822439,gastronomica,importado,,8497262395559,cepillo-parrillero-limpia-parilla-kg1913,,,,,,Importado_a_venta
331600822439,gastronomica,importado,,8497262330023,astil-afilador-carnicero-kg1914,,,,,,Importado_a_venta
331600822439,gastronomica,importado,,8497262297255,pincho-asador-pro-kg1912-s,,,,,,Importado_a_venta
331600822439,gastronomica,importado,,8497262231719,trilogia-en-cuero-pincho-pro-cuchillo-curacavi-astil-con-funda-de-cuero-cafe-kg1915fcc,,,,,,Importado_a_venta
331600822439,gastronomica,importado,,8497262198951,pechera-jeans-cuero-kangkawe-kg1916l,,,,,,Importado_a_venta
331600822439,gastronomica,importado,,8497262133415,cuchillo-6,,,,,,Importado_a_venta
331600822439,gastronomica,mobiliario,,8497261969575,estanteria-lisa-900450-baet-0104,,,,,,
331600822439,gastronomica,mobiliario,,8497261936807,estanteria-parrilla-900450-baet-0204,,,,,,
331600822439,gastronomica,mobiliario,,8497261871271,estanteria-lisa-900600-baet-0900,,,,,,
331600822439,gastronomica,mobiliario,,8497261838503,estanteria-parrilla-900600-baet-0960,,,,,,
331600822439,gastronomica,mobiliario,,8497261772967,estanteria-lisa-1200450-baet-1200,,,,,,
331600822439,gastronomica,mobiliario,,8497261740199,estanteria-parrilla-1200450-baet-1245,,,,,,
331600822439,gastronomica,mobiliario,,8497261674663,estanteria-lisa-1200600-baet-0600,,,,,,
331600822439,gastronomica,mobiliario,,8497261609127,estanteria-parrilla-1200600-baet-0612,,,,,,
331600822439,gastronomica,mobiliario,,8497261576359,estanteria-lisa-1500450-baet-1500,,,,,,
331600822439,gastronomica,mobiliario,,8497261543591,estanteria-parrilla-1500450-baet-1545,,,,,,
331600822439,gastronomica,mobiliario,,8497261478055,estanteria-lisa-1600600-baet-1600,,,,,,
331600822439,gastronomica,mobiliario,,8497261445287,estanteria-parrilla-1600600-baet-1660,,,,,,
331600822439,gastronomica,mobiliario,,8497261412519,carro-para-mote-con-huesillo-camhu-01200,,,,,,
331600822439,gastronomica,mobiliario,,8497261346983,carro-multiproposito-cammul-0175,,,,,,
331600822439,gastronomica,mobiliario,,8497261281447,carro-porta-tachos-aucb-1600,,,,,,
331600822439,gastronomica,mobiliario,,8497261248679,carro-para-sushi-aucb-0900,,,,,,
331600822439,gastronomica,mobiliario,,8497261183143,carro-bandejero-capacidad-12-bandejas-aucb-0178,,,,,,
331600822439,gastronomica,mobiliario,,8497261150375,carro-bandejero-capacidad-24-bandejas-aucb-0810,,,,,,
331600822439,gastronomica,mobiliario,,8497261117607,carro-bandejero-cerrado-capacidad-8-bandejas-aucb-0790,,,,,,
331600822439,gastronomica,mobiliario,,8497261084839,carro-batea-de-traslado-aucb-0600,,,,,,
331600822439,gastronomica,mobiliario,,8497261052071,carro-para-traslado-catr-0800,,,,,,
331600822439,gastronomica,mobiliario,,8497261019303,campana-central-1500x1300x400-ccci-1513,,,,,,
331600822439,gastronomica,mobiliario,,8497260986535,campana-mural-1500x1000x400-cccm-1510,,,,,,
331600822439,gastronomica,mobiliario,,8497260953767,campana-mural-2000x1000x400-cccm-2010,,,,,,
331600822439,gastronomica,mobiliario,,8497260920999,campana-mural-3000x1000x400-cccm-3010,,,,,,
331600822439,gastronomica,calentamiento,,8497260855463,tina-quesera-100lts-eitq-0100,,,,,,
331600822439,gastronomica,accesorio,,8497260822695,molde-de-queso-5kg-mdq-0245,,,,,,
331600822439,gastronomica,accesorio,,8497260789927,molde-de-queso-15kg-mdq-0370,,,,,,
331600822439,gastronomica,calentamiento,,8497260757159,camara-desgrasadora-20lts-cade20-0315,,,,,,
331600822439,gastronomica,calentamiento,,8497260724391,camara-desgrasadora-30lts-cade30-0415,,,,,,
331600822439,gastronomica,calentamiento,,8497260691623,camara-desgrasadora-40lts-cade40-0500,,,,,,
331600822439,gastronomica,calentamiento,,8497260658855,camara-desgrasadora-70lts-cade70-0620,,,,,,
331600822439,gastronomica,calentamiento,,8497260626087,camara-desgrasadora-90lts-cade90-0500,,,,,,
331600822439,gastronomica,calentamiento,,8497260593319,camara-desgrasadora-50lts-cade50-0500,,,,,,
331600822439,gastronomica,calentamiento,,8497260560551,camara-desgrasadora-60lts-cade60-0600,,,,,,
331600822439,gastronomica,calentamiento,,8497260527783,camara-desgrasadora-100lts-cade100-0650,,,,,,
331600822439,gastronomica,lavado,,8497260495015,lavamanos-1-taza-con-llave-rodilla-zllca-0055,,,,,,
331600822439,gastronomica,lavado,,8497260462247,lavafondo-1-taza-700x700-zllca-0099,,,,,,
331600822439,gastronomica,lavado,,8497260429479,lavadero-2-tazas-1400-con-secador-zllca-0103,,,,,,
331600822439,gastronomica,lavado,,8497260396711,lavafondo-1-taza-700x600-zllca-0088,,,,,,
331600822439,gastronomica,lavado,,8497260363943,lavamano-inox-rodilla-zllrf-0422,,,,,,
331600822439,gastronomica,lavado,,8497260331175,lavadero-doble-inox-abierto-zllca-1200,,,,,,
331600822439,gastronomica,lavado,,8497260298407,lavadero-triple-inox-zllca-1800,,,,,,
331600822439,gastronomica,lavado,,8497260265639,lavamanos-fijo-a-muro-con-taza-290-cutz-00290,,,,,,
331600822439,gastronomica,lavado,,8497260232871,lavamanos-fijo-a-muro-con-taza-380-cutz-00380,,,,,,
331600822439,gastronomica,lavado,,8497260200103,lavamano-con-atril-y-accionamiento-de-rodilla-zllra-0421,,,,,,
331600822439,gastronomica,lavado,,8497260167335,lavadero-de-2-puestos-de-trabajo-zlle-0126,,,,,,
331600822439,gastronomica,lavado,,8497260134567,lavadero-de-4-puestos-de-trabajo-zlle-0128,,,,,,
331600822439,gastronomica,lavado,,8497260101799,lavadero-de-8-puestos-de-trabajo-zlle-0260,,,,,,
331600822439,gastronomica,lavado,,8497260069031,lavadero-de-1200mm-zllca-0111,,,,,,
331600822439,gastronomica,lavado,,8497260036263,lavadero-1-taza-1200-con-secador-zllca-0104,,,,,,
331600822439,gastronomica,lavado,,8497260003495,lavadero-2-tazas-1600-con-secador-zllca-0106,,,,,,
331600822439,gastronomica,lavado,,8497259970727,lavadero-especial-3-puestos-zllca-2200,,,,,,
331600822439,gastronomica,lavado,,8497259937959,lavadero-especial-4-puestos-zllca-3800,,,,,,
331600822439,gastronomica,lavado,,8497259905191,lavamanos-con-faldon-zllrc-0420,,,,,,
331600822439,gastronomica,lavado,,8497259872423,lavamanos-un-puesto-zllrf-0530,,,,,,
331600822439,gastronomica,lavado,,8497259839655,mueble-lavamopas-zllca-0506,,,,,,
331600822439,gastronomica,calentamiento,,8497259806887,salsera-3-depositos-sc3,,,,,,
331600822439,gastronomica,calentamiento,,8497259774119,hervidor-de-agua-electrico-20-lts-hae-20,,,,,,
331600822439,gastronomica,calentamiento,,8497259741351,hervidor-de-agua-electrico-30-lts-hae-30,,,,,,
331600822439,gastronomica,calentamiento,,8497259708583,hervidor-electrico-20lts-auha-0157,,,,,,
331600822439,gastronomica,coccion,,8497259675815,plancha-de-gas-plana-y-grillada-con-gabinete-hgr-906,,,,,,
331600822439,gastronomica,coccion,,8497259643047,horno-convector-electrico-6-bandejas-hco-06e,,,,,,
331600822439,gastronomica,coccion,,8497259610279,horno-convector-electrico-10-bandejas-hco-10e,,,,,,
331600822439,gastronomica,coccion,,8497259577511,gratinador-grill-electrico-pihs-01130,,,,,,
331600822439,gastronomica,coccion,,8497259544743,horno-electrico-pizzero-pihp-01130,,,,,,
331600822439,gastronomica,coccion,,8497259511975,horno-de-pizza-electrico-simple-hep-1st,,,,,,
331600822439,gastronomica,coccion,,8497259479207,freidora-1-canastillo-con-gabinete-a-gas-hgf-968,,,,,,
331600822439,gastronomica,coccion,,8497259446439,freidora-encimera-electrica-1-canastillo-hef-12l,,,,,,
331600822439,gastronomica,coccion,,8497259413671,freidora-electrica-doble-hef-26-2,,,,,,
331600822439,gastronomica,coccion,,8497258332327,anafe-1-quemador-1pq,,,,,,
331600822439,gastronomica,coccion,,8497258299559,anafe-2-quemadores-2pqn,,,,,,
331600822439,gastronomica,importado,,8497258266791,vitrina-caliente-900-hw-863,,,,,,Importado_a_venta
331600822439,gastronomica,coccion,,8497258201255,cocina-4-quemadores-4pq,,,,,,
331600822439,gastronomica,coccion,,8497258102951,parrilla-a-gas-cccg-0003,,,,,,
331600822439,gastronomica,coccion,,8497258070183,anafe-3-quemadores-3pq,,,,,,
331600822439,gastronomica,calentamiento,,8497258037415,bano-maria-electrico-simple-bmdf-540,,,,,,
331600822439,gastronomica,calentamiento,,8497258004647,bano-maria-con-gabinete-hgr-909,,,,,,
331600822439,gastronomica,calentamiento,,8497257971879,bano-maria-encimera-electrica-heb-609,,,,,,
331600822439,gastronomica,calentamiento,,8497257939111,bano-maria-3-depositos-full-dubm3,,,,,,
331600822439,gastronomica,calentamiento,,8497257906343,bano-maria-4-depositos-full-dubm4,,,,,,
331600822439,gastronomica,calentamiento,,8497257840807,bano-maria-2-depositos-full-dubm2,,,,,,
331600822439,gastronomica,calentamiento,,8497257808039,bano-maria-3-depositos-full-con-cupula-dubm3c,,,,,,
331600822439,gastronomica,calentamiento,,8497257775271,chocolatera-bano-maria-6-litros-dubmch,,,,,,
331600822439,gastronomica,calentamiento,,8497257578663,chocolatera-hw-22,,,,,,
331600822439,gastronomica,calentamiento,,8497257185447,calentador-de-leche-hcl-15,,,,,,
331600822439,gastronomica,refrigeracion,,8497256202407,refrigerador-industrial-dos-puertas-de-cristal-620-x-790-x-2000-mm-rmv2-0620,,,,,,
331600822439,gastronomica,refrigeracion,,8497256169639,freezer-2-cuerpos-4-puertas-de-acero-1425-x-820-x-2000-mm-rfree-1425,,,,,,
331600822439,gastronomica,refrigeracion,,8497256136871,congelador-70lts-404-x-610-x-830-mm-ccvc-0070,,,,,,
331600822439,gastronomica,refrigeracion,,8497256104103,refrigerador-vertical-cobre-680-x-800-x-2000-mm-rmvc-0380,,,,,,
331600822439,gastronomica,refrigeracion,,8497256071335,visicooler-90lts-445-x-445-x-830-mm-pivs-0090,,,,,,
331600822439,gastronomica,refrigeracion,,8497256005799,refrigerador-4-puertas-1250x750x2000mm-rm-1250,,,,,,
331600822439,gastronomica,refrigeracion,,8497255973031,meson-refrigerado-2-puertas-mre-1200,,,,,,
331600822439,gastronomica,refrigeracion,,8497255940263,vitrina-pastelera-de-sobremesa-pive-0682,,,,,,
331600822439,gastronomica,importado,,8497255907495,vitrina-refrigerada-negra-hw-848,,,,,,Importado_a_venta
331600822439,gastronomica,refrigeracion,,8497255874727,fabricadora-de-hielo-20kg-fd-020,,,,,,
331600822439,gastronomica,mobiliario,,8497255841959,modulo-de-pan-y-servicios-audp-0177,,,,,,
331600822439,gastronomica,mobiliario,,8497255809191,modulo-neutro-aumn-1000,,,,,,
331600822439,gastronomica,calentamiento,,8497255776423,calienta-platos-picp-0450,,,,,,
331600822439,gastronomica,lavado,,8556283429031,llave-pre-wash-a-muro-con-cuello-cisne-grillpwcc-1118,,,,,,
331600822439,gastronomica,mobiliario,,8634698891431,atril-portabalanza,,,,,,
331600822439,gastronomica,refrigeracion,,8634663043239,meson-refrigerado-6-cajones-mr6c-1800,,,,,,
331600822439,gastronomica,refrigeracion,,8650917904551,meson-refrigerado-4-cajones-mr4cb-1500,,,,,,
331600822439,gastronomica,lavado,,8689994432679,llave-pre-wash-corta-grillpw-0620,,,,,,
331600822439,gastronomica,lavado,,8693668413607,prewash-a-cubierta-con-cuello-cisne-grillpwcc-1100,,,,,,
331600822439,gastronomica,lavado,,8720063529127,lavafondo-1-taza-600x600-zllca-0066,,,,,,
331600822439,gastronomica,coccion,,8734988075175,freidora-encimera-electrica-2-canastillos-hef-12l-2,,,,,,
331600822439,gastronomica,refrigeracion,,8744520089767,meson-freezer-2-puertas-de-acero-mrfree-1500,,,,,,
331600822439,gastronomica,lavado,,8744906719399,lavadero-acero-inoxidable-1600-con-3-tazas-zllcab-01600,,,,,,
331600822439,gastronomica,calentamiento,,8762991345831,salsera-electrica-encimera-vrx-1200,,,,,,
340443725991,coccion,plancha-gas,,8539166900391,plancha-churrasquera-1100-plch-1100,,,,,,
340443725991,coccion,plancha-gas,,8539162280103,plancha-churrasquera-1400-pcg-1400,,,,,,
340443725991,coccion,plancha-gas,,8539167457447,plancha-churrasquera-plch,,,,,,
340443725991,coccion,plancha-con-integrado,,8539168047271,plancha-churrasquera-con-bano-maria-plchbm,,,,,,
340443725991,coccion,plancha-con-integrado,,8539167850663,plancha-churrasquera-con-bano-maria-doble-plch2bm,,,,,,
340443725991,coccion,plancha-gas,,8539168211111,plancha-churrasquera-modelo-alemana-plchfa,,,,,,
340443725991,coccion,plancha-con-integrado,,8539167588519,plancha-churrasquera-central-plchbm-1300,,,,,,
340443725991,coccion,freidora,,8539168538791,freidora-de-2-canastillos-con-gabinete-a-gas-hgf-908,,,,,,Importado_a_venta
340443725991,coccion,cocina-wok,,8539166703783,cocina-wok-cowk-2700,,,,,,
340443725991,coccion,plancha-gas,,8539165458599,cocina-industrial-de-4-quemadores-con-horno-y-churrasquera-4pqhch,,,,,,
340443725991,coccion,plancha-gas,,8539165261991,cocina-4-quemadores-con-horno-y-plancha-lisa-a-gas-hgr-998,,,,,,Importado_a_venta
340443725991,coccion,cocina-con-horno,,8539165032615,cocina-de-4-quemadores-con-horno-4pqh,,,,,,
340443725991,coccion,parrilla,,8546900738215,parrilla-encimera-a-gas-parp-900,,,,,,
340443725991,coccion,freidora,,8539168735399,freidora-de-vienesas-capacidad-4-litros-ccfr-0056,,,,,,
340443725991,coccion,cocina-gas,,8539164704935,cocina-electrica-8-quemadores-ccce-0020,,,,,,
340443725991,coccion,cocina-gas,,8539164377255,cocina-industrial-de-8-quemadores-8pq,,,,,,
340443725991,coccion,plancha-gas,,8539164016807,cocina-industrial-de-6-quemadores-y-churrasquera-6pqch,,,,,,
340443725991,coccion,anafe,,8539166343335,anafe-1pq,,,,,,
340443725991,coccion,anafe,,8539163132071,anafe-2pqn,,,,,,
340443725991,coccion,anafe,,8539165884583,anafe-2pq,,,,,,
340443725991,coccion,calentamiento,,8539160903847,termo-cafe-6-litros,,,,,,
340443725991,coccion,calentamiento,,8539169194151,bano-maria-1-deposito-full-bmdf-540,,,,,,
340443725991,coccion,calentamiento,,8539168932007,bano-maria-1-deposito-full-dubm,,,,,,Importado_a_venta
340443725991,coccion,cocina-gas,,8539163689127,cocina-industrial-de-6-quemadores-6pq,,,,,,
340443725991,coccion,cocina-gas,,8539163394215,cocina-industrial-4-quemadores-sn-horno-4pqn,,,,,,
340443725991,coccion,accesorio-coccion,,8539162706087,calienta-vianda,,,,,,
340443725991,coccion,accesorio-coccion,,8539161854119,calienta-vianda-sobremesa-electrico,,,,,,
340443725991,coccion,horno,,8546920267943,horno-de-3-camaras-normalizadas-cchc-0050,,,,,,
340443725991,coccion,horno,,8546920595623,horno-de-2-camaras-normalizado-cchc-0049,,,,,,
340443725991,coccion,horno,,8546920890535,horno-de-1-camara-normalizado-cchc-0048,,,,,,
340443725991,coccion,accesorio-coccion,,8546923970727,chute-papas-fritas-y-sandwich-pfs-1320,,,,,,
340443725991,coccion,accesorio-coccion,,8546928165031,mantenedor-de-papas-fritas-ccfr-0057,,,,,,
340443725991,coccion,parrilla,,8560540450983,parrilla-a-gas-cccg-012,,,,,,
340443725991,coccion,accesorio-coccion,,8578164687015,cocedora-de-pasta-ccfr-00580,,,,,,
340443725991,coccion,accesorio-coccion,,8539197964455,vitrina-caliente-650-hw-862,,,,,,Importado_a_venta
331631657127,muebles-refrigerados,visicooler,,8539170701479,visicooler-1587-litros-3-puertas-sc-c1727,,,,,,Importado_a_venta
331631657127,muebles-refrigerados,visicooler,,8539170504871,visicooler-1023-litros-2-puertas-sc-c1127,,,,,,Importado_a_venta
331631657127,muebles-refrigerados,visicooler,,8539170275495,visicooler-739-litros-2-puertas-sc-c817,,,,,,Importado_a_venta
331631657127,muebles-refrigerados,visicooler,,8535150526631,visicooler-1-puerta-327-litros-sc-c327-dulox,,,,,,Importado_a_venta
331631657127,muebles-refrigerados,visicooler,,8539169751207,visicooler-392-litros-1-puerta-sc-c387,,,,,,Importado_a_venta
331631657127,muebles-refrigerados,visicooler,,8539170013351,visicooler-509-litros-1-puerta-sc-c517,,,,,,Importado_a_venta
331631657127,muebles-refrigerados,freezer,,8539173290151,freezer-2-puertas-de-acero-740-x-820-x-2000-mm-rfree-0738,,,,,,Importado_a_venta
331631657127,muebles-refrigerados,freezer,,8539172864167,freezer-4-puertas-1425-x-820-x-2000-mm-rfree-1425,,,,,,Importado_a_venta
331631657127,muebles-refrigerados,visicooler,,8539170898087,visicooler-vertical-380lts-625-x-745-x-2040-mm-pivsb-0380,,,,,,Importado_a_venta
331631657127,muebles-refrigerados,meson-refrigerado,,8539171455143,meson-refrigerado-2-puertas-mre-1500,,,,,,Importado_a_venta
331631657127,muebles-refrigerados,meson-refrigerado,,8539172176039,meson-refrigerado-de-2-puertas-cristal-1370-x-700-x-850-mm-m2pc-1370,,,,,,Importado_a_venta
331631657127,muebles-refrigerados,vitrina-pastelera,,8539171061927,vitrina-pastelera-900-sl830v,,,,,,Importado_a_venta
331631657127,muebles-refrigerados,vitrina-pastelera,,8539171192999,vitrina-pastelera-1500-sl850v,,,,,,Importado_a_venta
331631657127,muebles-refrigerados,meson-refrigerado,,8539172536487,meson-refrigerado-de-3-puertas-cristal-1800-x-700-x-850-mm-m3pc-1800,,,,,,Importado_a_venta
331631657127,muebles-refrigerados,refrigerador,,8539173028007,refrigerador-4-puertas-1250-x-750-x-2000-mm-rm-1250,,,,,,Importado_a_venta
331631657127,muebles-refrigerados,refrigerador,,8539173585063,refrigerador-industrial-color-cobre-680-x-800-x-2000-mm-rmvc-0380,,,,,,Importado_a_venta
331631657127,muebles-refrigerados,refrigerador,,8539173879975,refrigerador-industrial-doble-puerta-de-cristal-620-x-790-x-2000-mm-rmv2-0620,,,,,,Importado_a_venta
331631657127,muebles-refrigerados,salsera-refrigerada,,8539174600871,salsera-capacidad-para-7-depositos-sc7,,,,,,Importado_a_venta
331631657127,muebles-refrigerados,salsera-refrigerada,,8539174797479,salsera-8-depositos-sc8,,,,,,Importado_a_venta
331631657127,muebles-refrigerados,salsera-refrigerada,,8539175190695,salsera-industrial-sc6,,,,,,Importado_a_venta
331631657127,muebles-refrigerados,salsera-refrigerada,,8539175551143,salsera-iindustrial-especial-sp18,,,,,,Importado_a_venta
331631657127,muebles-refrigerados,salsera-refrigerada,,8539175747751,salsera-capacidad-para-10-depositos-sc10,,,,,,Importado_a_venta
331631657127,muebles-refrigerados,vitrina-refrigerada,,8539175649447,vitrina-refrigerada-para-sushi-cfsc-0073,,,,,,Importado_a_venta
331631657127,muebles-refrigerados,salsera-refrigerada,,8539176173735,salsera-industrial-de-9-depositos-de-13-x-100-cfsc-0074,,,,,,Importado_a_venta
331631657127,muebles-refrigerados,meson-refrigerado,,8539176337575,meson-de-shop-mpsc-1400,,,,,,Importado_a_venta
331631657127,muebles-refrigerados,visicooler,,8539176534183,visicooler-vertical-doble-puerta-1130-x-720-x-2023-mm-pivs-1000,,,,,,Importado_a_venta
331631657127,muebles-refrigerados,vitrina-pastelera,,8539176632487,vitrina-pastelera-de-sobremesa-682-x-450-x-675-mm-pive-0682,,,,,,Importado_a_venta
331631657127,muebles-refrigerados,visicooler,,8539176894631,visicooler-vertical-120-lts-500-x-500-x-850-mm-pivs-0120,,,,,,Importado_a_venta
331631657127,muebles-refrigerados,visicooler,,8539177025703,conservadora-273lts-1030-x-680-x-850-mm-ccvc-0273,,,,,,Importado_a_venta
340443431079,cubrejuntas-peinazos-y-zocalos,cubrejunta,,8539151040679,cubrejunta-2,,,,,,
340443431079,cubrejuntas-peinazos-y-zocalos,peinazo,,8539151401127,peinazos-y-marcos-de-acero-inoxidable,,,,,,
340443431079,cubrejuntas-peinazos-y-zocalos,moldura,,8539150614695,angulos,,,,,,
340443431079,cubrejuntas-peinazos-y-zocalos,cubrejunta,,8539150057639,cubrejunta-cuj-1000,,,,,,
340443431079,cubrejuntas-peinazos-y-zocalos,peinazo,,8539150745767,marcos-para-ventanas,,,,,,
340443431079,cubrejuntas-peinazos-y-zocalos,peinazo,,8539150844071,marcos-para-puertas,,,,,,
340443431079,cubrejuntas-peinazos-y-zocalos,accesorio,,8539149893799,celosia,,,,,,
341125365927,zona-de-lavado,lavadero-simple,,8539182923943,lavadero-de-un-puesto-lapp-0700,,,,,,
341125365927,zona-de-lavado,lavadero-simple,,8539181482151,lavadero-acero-inoxidable-de-1200-zllca-1200,,,,,,
341125365927,zona-de-lavado,lavadero-simple,,8539181842599,lavadero-acero-inoxidable-de-1200-x-600-zllca-0104,,,,,,
341125365927,zona-de-lavado,lavadero-simple,,8539182039207,lavadero-acero-inoxidable-de-1400-zllca-0103,,,,,,
341125365927,zona-de-lavado,lavadero-simple,,8539183284391,lavadero-acero-inoxidable-de-1600-zllca-0106,,,,,,
341125365927,zona-de-lavado,lavadero-simple,,8539180957863,lavadero-acero-inoxidable-de-700-zllca-0099,,,,,,
341125365927,zona-de-lavado,lavadero-multiple,,8539177713831,lavadero-doble-inox-abierto-zllca-1260,,,,,,
341125365927,zona-de-lavado,lavadero-clinico,,8539210121383,lavadero-quirurgico-lqe-600,,,,,,
341125365927,zona-de-lavado,lavadero-clinico,,8539209826471,lavadero-para-dialisis-lds-055,,,,,,
341125365927,zona-de-lavado,griferia,,8539180236967,llave-pre-wash-anclaje-a-muro-grillpwm-1118,,,,,,
341125365927,zona-de-lavado,griferia,,8539180662951,llave-pre-wash-retractil-grillpwr-0450,,,,,,
341125365927,zona-de-lavado,griferia,,8575904514215,griferia-llave-monomando-pre-wash-mini,,,,,,
341125365927,zona-de-lavado,griferia,,8539178926247,llave-de-precision-gllp,,,,,,
341125365927,zona-de-lavado,griferia,,8539181154471,llave-de-rodilla-grillr-00230,,,,,,
341125365927,zona-de-lavado,accesorio-especial,,8539212578983,reactor-agitador-capacidad-10-litros,,,,,,
341125365927,zona-de-lavado,griferia,,8539179221159,griferia-lava-cuchara-gllc,,,,,,
331632410791,lavaderos,taza-accesorio,,8539183513767,tazas-ovales,,,,,,Importado_a_venta
331632410791,lavaderos,lavamanos,,8539183382695,lavamanos-acero-inoxidable-con-faldon-zllrc-0420,,,,,,
331632410791,lavaderos,taza-accesorio,,8539182760103,tazas-de-355-400-y-450-mm,,,,,,Importado_a_venta
331632410791,lavaderos,taza-accesorio,,8539182629031,cubiertas-con-tazas-interiores-cutaz-0040-cutaz-0075,,,,,,
331632410791,lavaderos,taza-accesorio,,8539182465191,cubierta-pequena-con-taza-interior-cutaz-0009,,,,,,
331632410791,lavaderos,lavavajillas,,8539182334119,lavavajillas-hdw-80,,,,,,
331632410791,lavaderos,griferia,,8539179909287,estacion-de-agua-1-gea1,,,,,,
331632410791,lavaderos,griferia,,8539179548839,estacion-de-agua-2-gea2,,,,,,
331632410791,lavaderos,lavamopa,,8539178762407,lavamopa-acero-inoxidable-de-880-lvmpa-880,,,,,,
331632410791,lavaderos,griferia,,8539178434727,grifo-dispensador-para-llenado-de-botellas,,,,,,
331632410791,lavaderos,lavamanos,,8539178172583,lavamanos-mural-con-respaldo-vollrath-dv-400,,,,,,
331632410791,lavaderos,griferia,,8539177844903,cuello-cisne-recto-grillc-00310,,,,,,
331632410791,lavaderos,lavamanos,,8539177517223,lavamanos-con-atril-y-accionamiento-de-rodilla-zllras-0421,,,,,,
331632410791,lavaderos,taza-accesorio,,8539177156775,taza-acero-inoxidable-taz-0054,,,,,,Importado_a_venta
340444119207,preelaboracion,meson-trabajo,,8539190100135,meson-pescaderia,,,,,,
340444119207,preelaboracion,meson-trabajo,,8539189903527,meson-de-trabajo-pintado-bamtp-1100,,,,,,
340444119207,preelaboracion,carro,,8539189280935,carro-bandejero-cerrado-para-8-bandejas-aucb-0790,,,,,,
340444119207,preelaboracion,meson-trabajo,,8539189018791,meson-de-trabajo-cerrado-de-1900-bamt-00200,,,,,,
340444119207,preelaboracion,meson-trabajo,,8539188789415,meson-de-trabajo-cerrado-de-1000-bamt-1000,,,,,,
340444119207,preelaboracion,meson-trabajo,,8539188560039,meson-de-trabajo-cerrado-de-1500-bamt-0199,,,,,,
340444119207,preelaboracion,estanteria,,8539187773607,repisa-mural-acero-inoxidable-rmai-1200,,,,,,
340444119207,preelaboracion,meson-trabajo,,8539187576999,meson-de-trabajo-cubierta-de-granito-mtcg-2000,,,,,,
340444119207,preelaboracion,meson-trabajo,,8539187282087,meson-de-lavado-con-rack-secador-mlrs-1800,,,,,,
340444119207,preelaboracion,carro,,8539187052711,carro-bandejero-capacidad-para-22-bandejas-aucb-0670,,,,,,
340444119207,preelaboracion,carro,,8539186823335,carro-bandejero-capacidad-para-24-bandejas-aucb-0810,,,,,,
340444119207,preelaboracion,accesorio,,8539186593959,pallets-acero-inoxidable-pal-1200,,,,,,
340444119207,preelaboracion,accesorio,,8539186462887,porta-platos-port-0250,,,,,,
340444119207,preelaboracion,estanteria,,8539186135207,estanteria-con-puerta-de-cristal-espc-1000,,,,,,
340444119207,preelaboracion,estanteria,,8539185741991,estanteria-para-vinos-ev-1810,,,,,,
340444119207,preelaboracion,meson-trabajo,,8539185578151,meson-de-trabajo-de-1900-bamt-0197,,,,,,
340444119207,preelaboracion,accesorio,,8539185381543,atril-porta-bandeja,,,,,,
340444119207,preelaboracion,carro,,8539185217703,carro-limpiador-de-filtros,,,,,,
340444119207,preelaboracion,meson-trabajo,,8539184922791,meson-de-trabajo-de-1400-bamt-1401,,,,,,
340444119207,preelaboracion,meson-trabajo,,8539184726183,meson-de-trabajo-de-900-bamt-0900,,,,,,
340444119207,preelaboracion,estanteria,,8539184529575,repisa-simple-300ml-rmai-0300,,,,,,
340444119207,preelaboracion,estanteria,,8539184398503,repisa-simple-400ml-rmai-0400,,,,,,
340444119207,preelaboracion,estanteria,,8539184201895,repisa-doble-1000ml-rmai-1000,,,,,,
340444119207,preelaboracion,accesorio,,8539184103591,mesa-desueradora-msd-01240,,,,,,
340444119207,preelaboracion,accesorio,,8539183972519,mueble-de-transferencia-con-calefaccion,,,,,,
340444119207,preelaboracion,estanteria,,8539183775911,estanteria-parrilla-1000400-baet-1000,,,,,,
340444643495,equipos-clinicos,accesorio-clinico,,8539210317991,bebedero-beinox-0520,,,,,,
340444643495,equipos-clinicos,accesorio-clinico,,8539210481831,lavaojos-lo-01,,,,,,
340444643495,equipos-clinicos,accesorio-clinico,,8539209924775,griferia-dispensador-para-llenado-de-agua,,,,,,
340444643495,equipos-clinicos,mobiliario-clinico,,8539207729319,mueble-clinico-con-cajonera-mcc1,,,,,,
340444643495,equipos-clinicos,mobiliario-clinico,,8539208089767,estante-clinico-3-puertas-ec3p,,,,,,
340444643495,equipos-clinicos,mobiliario-clinico,,8539208581287,estanteria-para-sondas-eqsn-001,,,,,,
340444643495,equipos-clinicos,mobiliario-clinico,,8539208843431,estanteria-para-sondas-eqsn-002,,,,,,
340444643495,equipos-clinicos,mobiliario-clinico,,8539209072807,estanteria-para-sondas-eqsn-003,,,,,,
340444643495,equipos-clinicos,meson-clinico,,8539209302183,meson-especial-me-2200,,,,,,
340444643495,equipos-clinicos,repisa,,8539209433255,repisa-mural-porta-chata-rmpc-0820,,,,,,
340444643495,equipos-clinicos,carro-medico,,8539210711207,carro-medico,,,,,,
340444643495,equipos-clinicos,mesa-especial,,8539213299879,mesa-quirurgica-veterinaria-mqv-1400,,,,,,
340444643495,equipos-clinicos,accesorio,,8539216183463,baldes-de-acero-inoxidable,,,,,,
340444643495,equipos-clinicos,accesorio,,8539145633959,basurero-100-lts-inox-con-pedal-batypr-0-100,,,,,,
340444643495,equipos-clinicos,accesorio,,8539145535655,basurero-40lts-inox-con-pedal-batypr-0650,,,,,,
340444643495,equipos-clinicos,accesorio,,8539148681383,basurero-de-tapa-y-pedal-rectangular-batyp-0330,,,,,,
331631165607,sumideros,tapa-registro,,8539160379559,tapas-de-registro,,,,,,
341125464231,tazas-industriales,taza-simple,,8539183120551,tazas-de-400-500-y-600-mm,,,,,,Importado_a_venta
331632246951,hervidores,bano-maria,,8539197374631,bano-maria-4-depositos-full-deluxe-dubm4ab,,,,,,
331632246951,hervidores,bano-maria,,8539218444455,bano-maria-para-4-depositos-full-de-150-mm-de-altura,,,,,,
331632246951,hervidores,bano-maria,,8539199307943,bano-maria-4-depositos-full-dubm4a,,,,,,
331632017575,hornos,horno-asador,,8539161034919,horno-asador-de-pollo-4-espadas-pr-623st,,,,,,
331631853735,cocinas,accesorio,,8635777450151,filtro-de-campana-fil-090,,,,,,
331632672935,campanas,accesorio-campana,,8539193606311,filtro-de-aire-fil-050,,,,,,
331632672935,campanas,accesorio-campana,,8539193376935,focos-campana-fc100,,,,,,
331632672935,campanas,campana-central,,8539192754343,campana-central-2000x1300x400-ccci-2013,,,,,,
331632672935,campanas,campana-central,,8539192557735,campana-central-3000x1300x400-ccci-3013,,,,,,
340974207143,otros-productos,especial,,8539218084007,mastiles-de-acero-inoxidable,,,,,,
340974207143,otros-productos,especial,,8539217952935,rack-de-seguridad-en-acero-pintado,,,,,,
340974207143,otros-productos,especial,,8539217756327,rack-de-seguridad-computacion,,,,,,
340974207143,otros-productos,especial,,8539217658023,para-choque,,,,,,
340974207143,otros-productos,especial,,8539217494183,macetero-especial,,,,,,
340974207143,otros-productos,especial,,8539217297575,soportes-para-mesa-especiales,,,,,,
340974207143,otros-productos,especial,,8539217002663,brasero,,,,,,
340974207143,otros-productos,especial,,8539216806055,estructura-especial-de-soporte-para-mesa,,,,,,
340974207143,otros-productos,mobiliario-especial,,8539216445607,buzon-especial-de-acero-inoxidable-beai-105,,,,,,
340974207143,otros-productos,accesorio-piscina,,8539216347303,escalera-para-piscinas,,,,,,
340974207143,otros-productos,especial,,8539216052391,pasacables-mesa,,,,,,
340974207143,otros-productos,especial,,8539215921319,parrillas,,,,,,
340974207143,otros-productos,accesorio-piscina,,8539215659175,cascada-para-piscina,,,,,,
340974207143,otros-productos,especial,,8539215429799,parrilla-con-angulos-v,,,,,,
340974207143,otros-productos,especial,,8539215167655,pala-de-basura-pl-030,,,,,,
340974207143,otros-productos,mobiliario-especial,,8539214971047,buzon-especial-curvo-baic-350,,,,,,
340974207143,otros-productos,especial,,8539214545063,muestrario-exhibidor-muex-1700,,,,,,
340974207143,otros-productos,tanatologia,,8539214348455,equipamiento-tanatologico-para-autopsia,,,,,,
340974207143,otros-productos,tanatologia,,8539214184615,carro-porta-cadaver,,,,,,
340974207143,otros-productos,tanatologia,,8539214020775,superficie-de-diseccion,,,,,,
340974207143,otros-productos,tanatologia,,8539213889703,mesa-de-autopsia-maut-001,,,,,,
340974207143,otros-productos,tanatologia,,8539213660327,carro-porta-cadaveres-con-cupula-cpcc-2150,,,,,,
340974207143,otros-productos,equipo-industrial,,8539213037735,agitador-industrial-de-500-ltrs,,,,,,
340974207143,otros-productos,equipo-industrial,,8539212939431,lava-pecheras,,,,,,
340974207143,otros-productos,equipo-industrial,,8539212808359,estanques-de-1500-ltrs,,,,,,
340974207143,otros-productos,equipo-industrial,,8539212382375,reactor-industrial-de-1000-ltrs,,,,,,
340974207143,otros-productos,equipo-industrial,,8539212152999,reactor-industrial-de-500-ltrs,,,,,,
340974207143,otros-productos,equipo-industrial,,8539211825319,reactor-industrial-de-200-ltrs,,,,,,
340974207143,otros-productos,equipo-industrial,,8539211497639,estanques-de-1000-ltrs,,,,,,
340974207143,otros-productos,equipo-industrial,,8539211333799,reactor-industrial-de-60-ltrs,,,,,,
340974207143,otros-productos,equipo-industrial,,8539211038887,marmita-especial-con-anafe-y-doble-camisa-maea-1300,,,,,,
340974207143,otros-productos,equipo-industrial,,8539210809511,lavabotas-de-acero-inoxidable-lb-0500,,,,,,
340974207143,otros-productos,equipos-clinicos,,8539208286375,estante-clinico-2-puertas-ec2p,,,,,,
340974207143,otros-productos,carro-food,,8539207368871,carro-para-jugo-cajug-01000,,,,,,
340974207143,otros-productos,carro-food,,8539207205031,carro-mote-con-huesillo-camhu-01200,,,,,,
340974207143,otros-productos,carro-food,,8539207041191,carro-hot-dog-modelo-curvo-camcur-01400,,,,,,
340974207143,otros-productos,carro-food,,8539206811815,carro-modelo-green-dog-cagrd-01900,,,,,,
340974207143,otros-productos,carro-food,,8539206451367,carro-modelo-food-cafod-01900,,,,,,
340974207143,otros-productos,carro-food,,8539206156455,carro-hot-dog-cahd-01900,,,,,,
340974207143,otros-productos,carro-food,,8539205763239,carro-de-arrastre-1,,,,,,
340974207143,otros-productos,carro-food,,8539205402791,carro-de-arrastre-2,,,,,,
340974207143,otros-productos,carro-food,,8539205075111,carro-churro-cach-1800,,,,,,
340974207143,otros-productos,mobiliario,,8539204616359,mueble-de-acero-y-madera,,,,,,
340974207143,otros-productos,mobiliario,,8539204419751,silla-de-acero-inoxidable-n1-sill-01,,,,,,
340974207143,otros-productos,mobiliario,,8539204223143,mesa-de-acero-y-cristal-mca-01,,,,,,
340974207143,otros-productos,especial,,8539204059303,piso-especial-en-acero-inoxidable,,,,,,
340974207143,otros-productos,mobiliario,,8539203829927,mueble-acero-madera,,,,,,
340974207143,otros-productos,mobiliario,,8539203666087,silla-de-acero-inoxidable-n2-sill-02,,,,,,
340974207143,otros-productos,mobiliario,,8539203535015,muebles-de-madera-y-acero-inoxidable,,,,,,
340974207143,otros-productos,tinas-lacteos,,8539203272871,moldes-para-quesillo,,,,,,
340974207143,otros-productos,tinas-lacteos,,8539203043495,molde-para-queso-5kg-mdq-0245,,,,,,
340974207143,otros-productos,tinas-lacteos,,8539202650279,tina-quesera-capacidad-500-litros-tnq-0500,,,,,,
340974207143,otros-productos,tinas-lacteos,,8539202420903,tina-quesera-capacidad-100-litros-eitq-0100,,,,,,
340974207143,otros-productos,tinas-lacteos,,8539202027687,prensa-quesera-para-2-moldes-pq2m-0200,,,,,,
340974207143,otros-productos,tinas-lacteos,,8539201732775,prensa-quesera-multiple-pqm-1800,,,,,,
340974207143,otros-productos,modulo-servicio,,8539200520359,salad-bar-3-depositos-full-dusb3a,,,,,,
340974207143,otros-productos,modulo-servicio,,8539200290983,bano-maria-3-depositos-full-dubm3a,,,,,,
340974207143,otros-productos,modulo-servicio,,8539199439015,linea-de-autoservicio-aubm-4500,,,,,,
340974207143,otros-productos,modulo-servicio,,8539198750887,equipamiento-gastronomico-completo,,,,,,
340974207143,otros-productos,modulo-servicio,,8539196588199,equipamiento-gastronomico-completo-linea-deluxe,,,,,,
340974207143,otros-productos,accesorio-piscina,,8497255514279,escalera-para-piscina-eppc-1940,,,,,,
340974207143,otros-productos,balde,,8497255481511,balde-5lts-blds-180,,,,,,
340974207143,otros-productos,balde,,8497255448743,balde-7lts-blds-190,,,,,,
340974207143,otros-productos,balde,,8497255415975,balde-10lts-blds-230,,,,,,
340974207143,otros-productos,balde,,8497255383207,balde-12lts-blds-240,,,,,,
340974207143,otros-productos,balde,,8497255350439,balde-15lts-blds-270,,,,,,
340974207143,otros-productos,balde,,8497255317671,balde-20lts-blds-300,,,,,,
340974207143,otros-productos,balde,,8497255284903,balde-30lts-blds-350,,,,,,
340974207143,otros-productos,balde,,8497255252135,balde-14lts-blds-380,,,,,,
340974207143,otros-productos,balde,,8497255219367,balde-40lts-blds-400,,,,,,
340444840103,productos-especiales,mobiliario-especial,,8539216576679,buzon-de-acero-inoxidable-bai-300,,,,,,
340444840103,productos-especiales,especial,,8539214741671,protector-anti-skate-ans-001,,,,,,
331630805159,accesorios-bano,repisa-bano,,8497252860071,repisa-bano-rectangular-acero-inoxidable-reba-0250,,,,,,
331630805159,accesorios-bano,colgador,,8539135312039,colgador-toallas-colt-0200,,,,,,
331630805159,accesorios-bano,repisa-bano,,8497252892839,repisa-bano-triangular-acero-inoxidable-reba-0230,,,,,,
340443529383,revestimientos-lisos-y-modulares,revestimiento-modular,,8539160281255,revestimiento-modular-rotter-krauss,,,,,,
340443529383,revestimientos-lisos-y-modulares,revestimiento-curvo,,8539160051879,revestimientos-curvos-para-pilares,,,,,,
340443529383,revestimientos-lisos-y-modulares,revestimiento-modular,,8539159724199,revestimiento-modular-en-cobre,,,,,,
340443529383,revestimientos-lisos-y-modulares,revestimiento-liso,,8539159560359,revestimientos-costanera-center,,,,,,
340443529383,revestimientos-lisos-y-modulares,peinazo,,8539159134375,peinazos-de-puertas,,,,,,
340443496615,mobiliario-urbano,especial,,8539155660967,gabinete-red-humeda,,,,,,
340443496615,mobiliario-urbano,especial,,8539158773927,pieza-atril-porta-grafica,,,,,,
340443496615,mobiliario-urbano,especial,,8539158675623,mobiliario-especial-acero-inoxidable-sebastian-errazuriz,,,,,,
340443496615,mobiliario-urbano,bicicletero,,8539143864487,bicicletero-enns-bcn-01400,,,,,,
340443496615,mobiliario-urbano,bicicletero,,8539144913063,bicicletero-graz-bcn-01500,,,,,,
340443496615,mobiliario-urbano,bicicletero,,8539143569575,bicicletero-linz-bcn-0600,,,,,,
340443496615,mobiliario-urbano,bicicletero,,8539143143591,bicicletero-personalizado-bcp-01400,,,,,,
340443496615,mobiliario-urbano,bicicletero,,8539144650919,bicicletero-tirol-bcn-01600,,,,,,
340443496615,mobiliario-urbano,bicicletero,,8539144192167,bicicletero-vienna-bcn-01350,,,,,,
340443496615,mobiliario-urbano,bicicletero,,8539145240743,bicicletero-wels-bcn-02000,,,,,,
340443496615,mobiliario-urbano,soporte,,8539157561511,soporte-extintor,,,,,,
340443496615,mobiliario-urbano,banca,,8539157266599,banca-5-puestos-btcp-2960,,,,,,
340443496615,mobiliario-urbano,accesorio,,8539156807847,proteccion-para-escaleras-mecanicas,,,,,,
340443496615,mobiliario-urbano,mobiliario-bano,,8539156316327,mobiliario-banos,,,,,,
340443496615,mobiliario-urbano,mobiliario-bano,,8539155792039,cubiculo-para-bano-1,,,,,,
340443496615,mobiliario-urbano,soporte,,8539157856423,soporte-extintor-2,,,,,,
340443463847,letreros-logotipos-y-numeros,logo,,8539152056487,logo-corporativo-gpr,,,,,,
340443463847,letreros-logotipos-y-numeros,logo,,8539152482471,logo-corporativo-pdi,,,,,,
340443463847,letreros-logotipos-y-numeros,logo,,8539153760423,logo-corporativo-enaer,,,,,,
340443463847,letreros-logotipos-y-numeros,logo,,8539155169447,coffe-factory,,,,,,
340443463847,letreros-logotipos-y-numeros,logo,,8539153498279,logo-corporativo-comercial-aragon-ltda,,,,,,
340443463847,letreros-logotipos-y-numeros,letras-armadas,,8539154153639,letras-armadas-de-acero-inoxidable,,,,,,
340443463847,letreros-logotipos-y-numeros,numero,,8539152875687,numeros-acero-inoxidable,,,,,,
340443463847,letreros-logotipos-y-numeros,serigrafia,,8539153072295,lamina-de-acero-inoxidable-con-serigrafia,,,,,,
340443463847,letreros-logotipos-y-numeros,letrero-volumetrico,,8539155005607,letrero-volumetrico,,,,,,
340443463847,letreros-logotipos-y-numeros,totem,,8539151827111,totem-para-pantalla-43,,,,,,
340443463847,letreros-logotipos-y-numeros,logo,,8539155366055,logo-corporativo-vince-camuto,,,,,,
340443463847,letreros-logotipos-y-numeros,letras-armadas,,8539154514087,letras-galeria-patricia-ready,,,,,,
340443463847,letreros-logotipos-y-numeros,numero,,8539155562663,logos-senaletica-y-numeros,,,,,,
331630936231,baranda-y-pasamanos,guia,,8539137704103,guias-de-carros-guc-01000,,,,,,
331630936231,baranda-y-pasamanos,puerta-acceso,,8539137966247,puertas-unidireccionales-para-metro-sa-pu-0015,,,,,,
331630936231,baranda-y-pasamanos,guia,,8539142848679,guias-de-carro-2-guc-02000,,,,,,
331631001767,basureros,basurero-especial,,8549514707111,basurero-mall-doble-acero-inoxidable-bmda-1300,,,,,,
331631001767,basureros,basurero-especial,,8539146879143,basurero-patio-de-comidas-food-garden-bafog-0700,,,,,,
331631001767,basureros,basurero-reciclaje,,8539147206823,basurero-de-reciclaje-de-3-compartimientos-bare-0960,,,,,,
331631001767,basureros,basurero-reciclaje,,8539147862183,basurero-de-reciclaje-4-compartimientos-nuevo-modelo-baren-01300,,,,,,
331631001767,basureros,basurero-reciclaje,,8539148386471,basurero-de-reciclaje-2-compartimientos-bare-0600,,,,,,
331631001767,basureros,basurero-reciclaje,,8539148189863,basurero-reciclaje-domestic-tras-brdt-620,,,,,,
331631001767,basureros,basurero-con-mecanismo,,8539149074599,basurero-de-tapa-y-vaiven-doble-bavad-0500,,,,,,
331631001767,basureros,importado,,8497253580967,basurero-de-reciclaje-dulox-by-tramontina-bctv-040,,,,,,Importado_a_venta
331631001767,basureros,importado,,8497278648487,basurero-pedal-30lts-dulox-by-tramontina-bcpt-130,,,,,,Importado_a_venta
331631001767,basureros,importado,,8497278681255,basurero-pedal-20lts-dulox-by-tramontina-bcpt-120,,,,,,Importado_a_venta
331631001767,basureros,importado,,8497278714023,basurero-pedal-12lts-dulox-by-tramontina-bcpt-112,,,,,,Importado_a_venta
331631001767,basureros,importado,,8497254105255,basurero-pedal-3lts-dulox-by-tramontina-bcpt-103,,,,,,Importado_a_venta
331631001767,basureros,importado,,8497254072487,basurero-pedal-5lts-dulox-by-tramontina-bcpt-105,,,,,,Importado_a_venta
331631001767,basureros,importado,,8497254006951,basurero-cenicero-dulox-by-tramontina-bcct-111,,,,,,Importado_a_venta
331631001767,basureros,importado,,8497253613735,basurero-de-empotrar-tramontina-de-8l-bemt-008,,,,,,Importado_a_venta
331631624359,modulos-de-autoservicio,salad-bar,,8539196915879,salad-bar-5-depositos-full-deluxe-dusb5ab,,,,,,
331631624359,modulos-de-autoservicio,modulo-neutro,,8539197767847,modulo-neutro-linea-deluxe-aumnb-1000,,,,,,
331631624359,modulos-de-autoservicio,meson,,8539196227751,meson-desconche-especial-cafe-mec-1200,,,,,,
331631624359,modulos-de-autoservicio,salad-bar,,8539198947495,salad-bar-6-depositos-de-12-con-cupula-dubm6c,,,,,,
331631624359,modulos-de-autoservicio,salad-bar,,8539200618663,salad-bar-tipo-isla-ausb-0174,,,,,,
331631624359,modulos-de-autoservicio,salad-bar,,8539201011879,salad-bar-ausb-1800,,,,,,
331631624359,modulos-de-autoservicio,salad-bar,,8539199766695,salad-bar-con-gabinete-inferior-con-panel-de-acrilico-iluminado-ausb-3510,,,,,,
331631624359,modulos-de-autoservicio,modulo-neutro,,8539200028839,modulo-neutro-aumn-0900,,,,,,
331631624359,modulos-de-autoservicio,modulo-neutro,,8539200782503,modulo-pan-y-servicios-audp-0177,,,,,,
331631624359,modulos-de-autoservicio,accesorio,,8539198390439,perol-para-sopa-pips-0395,,,,,,
331631624359,modulos-de-autoservicio,accesorio,,8539198259367,perol-sopa-acero-inoxidable-pips-0395ai,,,,,,
331631624359,modulos-de-autoservicio,proyecto-completo,,8539201503399,local-en-centro-de-justicia,,,,,,
331631624359,modulos-de-autoservicio,proyecto-completo,,8539201405095,universidad-bernardo-ohiggins,,,,,,
331632640167,tinas-queseras,molde-queso,,8539202846887,molde-para-queso-15kg-mdq-0370,,,,,,
